{"cameraMode":{"drawMode":0,"name":"Shaded","section":"Shading Mode"},"sceneLighting":false,"audioPlay":false,"sceneViewState":{"m_AlwaysRefresh":false,"showFog":true,"showSkybox":false,"showFlares":true,"showImageEffects":true,"showParticleSystems":true,"showVisualEffectGraphs":true,"m_FxEnabled":true},"in2DMode":false,"pivot":{"x":-0.008257079869508744,"y":-0.016418933868408204,"z":0.025691449642181398},"rotation":{"x":-0.48403871059417727,"y":-0.027542410418391229,"z":-0.015299487859010697,"w":0.8745662569999695},"size":0.90739506483078,"orthographic":false}