{"cameraMode":{"drawMode":0,"name":"Shaded","section":"Shading Mode"},"sceneLighting":false,"audioPlay":false,"sceneViewState":{"m_AlwaysRefresh":false,"showFog":true,"showSkybox":false,"showFlares":true,"showImageEffects":true,"showParticleSystems":true,"showVisualEffectGraphs":true,"m_FxEnabled":true},"in2DMode":false,"pivot":{"x":-0.15584993362426759,"y":3.561549663543701,"z":-0.025309085845947267},"rotation":{"x":0.01095625665038824,"y":-0.8893648982048035,"z":0.021350987255573274,"w":0.4565851092338562},"size":7.576475620269775,"orthographic":false}