{"cameraMode":{"drawMode":0,"name":"Shaded","section":"Shading Mode"},"sceneLighting":false,"audioPlay":false,"sceneViewState":{"m_AlwaysRefresh":false,"showFog":true,"showSkybox":false,"showFlares":true,"showImageEffects":true,"showParticleSystems":true,"showVisualEffectGraphs":true,"m_FxEnabled":true},"in2DMode":false,"pivot":{"x":-0.08118686079978943,"y":0.11974149942398071,"z":-0.16670644283294679},"rotation":{"x":-0.44429612159729006,"y":-0.021456589922308923,"z":-0.010768708772957325,"w":0.8956384062767029},"size":2.6968235969543459,"orthographic":false}