{"cameraMode":{"drawMode":0,"name":"Shaded","section":"Shading Mode"},"sceneLighting":false,"audioPlay":false,"sceneViewState":{"m_AlwaysRefresh":false,"showFog":true,"showSkybox":false,"showFlares":true,"showImageEffects":true,"showParticleSystems":true,"showVisualEffectGraphs":true,"m_FxEnabled":true},"in2DMode":false,"pivot":{"x":0.9999956488609314,"y":0.29999977350234988,"z":-0.999998927116394},"rotation":{"x":-0.012597610242664814,"y":-0.02399616874754429,"z":-0.0003010816581081599,"w":0.9996412396430969},"size":0.8124077916145325,"orthographic":false}