{"cameraMode":{"drawMode":0,"name":"Shaded","section":"Shading Mode"},"sceneLighting":false,"audioPlay":false,"sceneViewState":{"m_AlwaysRefresh":false,"showFog":true,"showSkybox":false,"showFlares":true,"showImageEffects":true,"showParticleSystems":true,"showVisualEffectGraphs":true,"m_FxEnabled":true},"in2DMode":false,"pivot":{"x":-3.3740596771240236,"y":3.9852945804595949,"z":0.7954978942871094},"rotation":{"x":0.040450531989336017,"y":-0.8730053901672363,"z":0.07350705564022064,"w":0.48045867681503298},"size":9.973529815673829,"orthographic":false}