{"cameraMode":{"drawMode":0,"name":"Shaded","section":"Shading Mode"},"sceneLighting":false,"audioPlay":false,"sceneViewState":{"m_AlwaysRefresh":false,"showFog":true,"showSkybox":false,"showFlares":true,"showImageEffects":true,"showParticleSystems":true,"showVisualEffectGraphs":true,"m_FxEnabled":true},"in2DMode":false,"pivot":{"x":0.6680145263671875,"y":1.8431272506713868,"z":-0.32172203063964846},"rotation":{"x":0.01095625665038824,"y":-0.8893648982048035,"z":0.021350987255573274,"w":0.4565851092338562},"size":13.576225280761719,"orthographic":false}