{"cameraMode":{"drawMode":0,"name":"Shaded","section":"Shading Mode"},"sceneLighting":false,"audioPlay":false,"sceneViewState":{"m_AlwaysRefresh":false,"showFog":true,"showSkybox":false,"showFlares":true,"showImageEffects":true,"showParticleSystems":true,"showVisualEffectGraphs":true,"m_FxEnabled":true},"in2DMode":false,"pivot":{"x":-3.5108025074005129,"y":0.4999998211860657,"z":-1.3222298622131348},"rotation":{"x":-0.187812939286232,"y":-0.026516424492001535,"z":-0.005085737910121679,"w":0.9818661212921143},"size":1.8179680109024048,"orthographic":false}