{"cameraMode":{"drawMode":0,"name":"Shaded","section":"Shading Mode"},"sceneLighting":false,"audioPlay":false,"sceneViewState":{"m_AlwaysRefresh":false,"showFog":true,"showSkybox":false,"showFlares":true,"showImageEffects":true,"showParticleSystems":true,"showVisualEffectGraphs":true,"m_FxEnabled":true},"in2DMode":false,"pivot":{"x":0.43365177512168887,"y":-0.3041174113750458,"z":-0.6220280528068543},"rotation":{"x":-0.19542329013347627,"y":-0.32260751724243166,"z":-0.06827619671821594,"w":0.9237058758735657},"size":0.758258581161499,"orthographic":false}