{"cameraMode":{"drawMode":0,"name":"Shaded","section":"Shading Mode"},"sceneLighting":false,"audioPlay":false,"sceneViewState":{"m_AlwaysRefresh":false,"showFog":true,"showSkybox":false,"showFlares":true,"showImageEffects":true,"showParticleSystems":true,"showVisualEffectGraphs":true,"m_FxEnabled":true},"in2DMode":false,"pivot":{"x":-0.010845772922039032,"y":0.2538180351257324,"z":-0.28901708126068118},"rotation":{"x":-0.5883740782737732,"y":-0.042383138090372089,"z":-0.030964190140366555,"w":0.8069775104522705},"size":2.1000137329101564,"orthographic":false}