{"cameraMode":{"drawMode":0,"name":"Shaded","section":"Shading Mode"},"sceneLighting":false,"audioPlay":false,"sceneViewState":{"m_AlwaysRefresh":false,"showFog":true,"showSkybox":false,"showFlares":true,"showImageEffects":true,"showParticleSystems":true,"showVisualEffectGraphs":true,"m_FxEnabled":true},"in2DMode":false,"pivot":{"x":0.5219138860702515,"y":0.055299311876297,"z":-0.09647029638290405},"rotation":{"x":-0.3055087924003601,"y":-0.09264160692691803,"z":-0.02990814298391342,"w":0.9472241997718811},"size":0.7123104929924011,"orthographic":false}