{"cameraMode":{"drawMode":0,"name":"Shaded","section":"Shading Mode"},"sceneLighting":false,"audioPlay":false,"sceneViewState":{"m_AlwaysRefresh":false,"showFog":true,"showSkybox":false,"showFlares":true,"showImageEffects":true,"showParticleSystems":true,"showVisualEffectGraphs":true,"m_FxEnabled":true},"in2DMode":false,"pivot":{"x":105.26329040527344,"y":2.9328970909118654,"z":-3.9977195262908937},"rotation":{"x":-0.03294786810874939,"y":-0.0524519607424736,"z":-0.0017450462328270078,"w":0.9981180429458618},"size":8.404356956481934,"orthographic":false}