{"cameraMode":{"drawMode":0,"name":"Shaded","section":"Shading Mode"},"sceneLighting":false,"audioPlay":false,"sceneViewState":{"m_AlwaysRefresh":false,"showFog":true,"showSkybox":false,"showFlares":true,"showImageEffects":true,"showParticleSystems":true,"showVisualEffectGraphs":true,"m_FxEnabled":true},"in2DMode":false,"pivot":{"x":90.15736389160156,"y":-3.6725354194641115,"z":2.1596317291259767},"rotation":{"x":0.019486116245388986,"y":0.037482742220163348,"z":-0.0007470637210644782,"w":0.9991394877433777},"size":10.432095527648926,"orthographic":false}