{"cameraMode":{"drawMode":0,"name":"Shaded","section":"Shading Mode"},"sceneLighting":false,"audioPlay":false,"sceneViewState":{"m_AlwaysRefresh":false,"showFog":true,"showSkybox":false,"showFlares":true,"showImageEffects":true,"showParticleSystems":true,"showVisualEffectGraphs":true,"m_FxEnabled":true},"in2DMode":false,"pivot":{"x":894.647705078125,"y":462.5076904296875,"z":-228.57086181640626},"rotation":{"x":-0.001495596021413803,"y":0.06444613635540009,"z":0.00008337744657183066,"w":0.9979999661445618},"size":593.1666870117188,"orthographic":true}