{"cameraMode":{"drawMode":0,"name":"Shaded","section":"Shading Mode"},"sceneLighting":false,"audioPlay":false,"sceneViewState":{"m_AlwaysRefresh":false,"showFog":true,"showSkybox":false,"showFlares":true,"showImageEffects":true,"showParticleSystems":true,"showVisualEffectGraphs":true,"m_FxEnabled":true},"in2DMode":false,"pivot":{"x":0.1818857192993164,"y":1.6902257204055787,"z":0.006744384765625},"rotation":{"x":0.01095625665038824,"y":-0.8893648982048035,"z":0.021350987255573274,"w":0.4565851092338562},"size":6.873979091644287,"orthographic":false}