{"cameraMode":{"drawMode":0,"name":"Shaded","section":"Shading Mode"},"sceneLighting":false,"audioPlay":false,"sceneViewState":{"m_AlwaysRefresh":false,"showFog":true,"showSkybox":false,"showFlares":true,"showImageEffects":true,"showParticleSystems":true,"showVisualEffectGraphs":true,"m_FxEnabled":true},"in2DMode":false,"pivot":{"x":-80.60700225830078,"y":13.400945663452149,"z":-7.780330657958984},"rotation":{"x":-0.0006148337852209806,"y":-0.9982597827911377,"z":0.010481994599103928,"w":-0.058167777955532077},"size":12.677067756652832,"orthographic":false}