{"cameraMode":{"drawMode":0,"name":"Shaded","section":"Shading Mode"},"sceneLighting":false,"audioPlay":false,"sceneViewState":{"m_AlwaysRefresh":false,"showFog":true,"showSkybox":false,"showFlares":true,"showImageEffects":true,"showParticleSystems":true,"showVisualEffectGraphs":true,"m_FxEnabled":true},"in2DMode":false,"pivot":{"x":1.0911369323730469,"y":4.664678573608398,"z":-0.017841339111328126},"rotation":{"x":-0.002832301426678896,"y":-0.9874240159988403,"z":-0.01777482032775879,"w":0.15711842477321626},"size":9.569551467895508,"orthographic":false}