{"cameraMode":{"drawMode":0,"name":"Shaded","section":"Shading Mode"},"sceneLighting":false,"audioPlay":false,"sceneViewState":{"m_AlwaysRefresh":false,"showFog":true,"showSkybox":false,"showFlares":true,"showImageEffects":true,"showParticleSystems":true,"showVisualEffectGraphs":true,"m_FxEnabled":true},"in2DMode":false,"pivot":{"x":0.3384154140949249,"y":0.16784131526947022,"z":-1.6923165321350098},"rotation":{"x":-0.33053112030029299,"y":-0.10448208451271057,"z":-0.03683251887559891,"w":0.9373816847801209},"size":1.2990381717681885,"orthographic":false}