{"cameraMode":{"drawMode":0,"name":"Shaded","section":"Shading Mode"},"sceneLighting":false,"audioPlay":false,"sceneViewState":{"m_AlwaysRefresh":false,"showFog":true,"showSkybox":false,"showFlares":true,"showImageEffects":true,"showParticleSystems":true,"showVisualEffectGraphs":true,"m_FxEnabled":true},"in2DMode":false,"pivot":{"x":967.8335571289063,"y":496.4260559082031,"z":-68.18930053710938},"rotation":{"x":0.0000014116582178758109,"y":0.007494307588785887,"z":-0.000004010164957435336,"w":1.0000810623168946},"size":609.930419921875,"orthographic":false}