{"cameraMode":{"drawMode":0,"name":"Shaded","section":"Shading Mode"},"sceneLighting":false,"audioPlay":false,"sceneViewState":{"m_AlwaysRefresh":false,"showFog":true,"showSkybox":false,"showFlares":true,"showImageEffects":true,"showParticleSystems":true,"showVisualEffectGraphs":true,"m_FxEnabled":true},"in2DMode":false,"pivot":{"x":-0.18047571182250977,"y":5.106470584869385,"z":8.533088684082032},"rotation":{"x":-0.022559629753232003,"y":-0.9427276849746704,"z":-0.06515036523342133,"w":0.32638394832611086},"size":8.212798118591309,"orthographic":false}