{"cameraMode":{"drawMode":0,"name":"Shaded","section":"Shading Mode"},"sceneLighting":false,"audioPlay":false,"sceneViewState":{"m_AlwaysRefresh":false,"showFog":true,"showSkybox":false,"showFlares":true,"showImageEffects":true,"showParticleSystems":true,"showVisualEffectGraphs":true,"m_FxEnabled":true},"in2DMode":false,"pivot":{"x":-7.8186492919921879,"y":6.867133140563965,"z":3.1111350059509279},"rotation":{"x":0.018101952970027925,"y":-0.593583881855011,"z":0.013359896838665009,"w":0.8044693470001221},"size":11.139724731445313,"orthographic":false}