{"cameraMode":{"drawMode":0,"name":"Shaded","section":"Shading Mode"},"sceneLighting":false,"audioPlay":false,"sceneViewState":{"m_AlwaysRefresh":false,"showFog":true,"showSkybox":false,"showFlares":true,"showImageEffects":true,"showParticleSystems":true,"showVisualEffectGraphs":true,"m_FxEnabled":true},"in2DMode":false,"pivot":{"x":0.0635991096496582,"y":2.874669075012207,"z":110.52748107910156},"rotation":{"x":0.10403479635715485,"y":-0.12053367495536804,"z":0.012708074413239956,"w":0.9871690273284912},"size":7.3153228759765629,"orthographic":false}