{"cameraMode":{"drawMode":0,"name":"Shaded","section":"Shading Mode"},"sceneLighting":false,"audioPlay":false,"sceneViewState":{"m_AlwaysRefresh":false,"showFog":true,"showSkybox":false,"showFlares":true,"showImageEffects":true,"showParticleSystems":true,"showVisualEffectGraphs":true,"m_FxEnabled":true},"in2DMode":false,"pivot":{"x":0.16083157062530518,"y":1.481273889541626,"z":104.86318969726563},"rotation":{"x":0.17681193351745606,"y":-0.089919812977314,"z":0.016228999942541124,"w":0.9800023436546326},"size":5.7170867919921879,"orthographic":false}