{"cameraMode":{"drawMode":0,"name":"Shaded","section":"Shading Mode"},"sceneLighting":false,"audioPlay":false,"sceneViewState":{"m_AlwaysRefresh":false,"showFog":true,"showSkybox":false,"showFlares":true,"showImageEffects":true,"showParticleSystems":true,"showVisualEffectGraphs":true,"m_FxEnabled":true},"in2DMode":false,"pivot":{"x":0.8057088851928711,"y":1.682624101638794,"z":-0.36966466903686526},"rotation":{"x":0.23163741827011109,"y":-0.043757371604442599,"z":0.010436125099658966,"w":0.9717700481414795},"size":4.858286380767822,"orthographic":false}