{"cameraMode":{"drawMode":0,"name":"Shaded","section":"Shading Mode"},"sceneLighting":false,"audioPlay":false,"sceneViewState":{"m_AlwaysRefresh":false,"showFog":true,"showSkybox":false,"showFlares":true,"showImageEffects":true,"showParticleSystems":true,"showVisualEffectGraphs":true,"m_FxEnabled":true},"in2DMode":false,"pivot":{"x":-2.4454457759857179,"y":-1.6537364721298218,"z":-0.07231754064559937},"rotation":{"x":-0.187812939286232,"y":-0.026516424492001535,"z":-0.005085737910121679,"w":0.9818661212921143},"size":0.23884761333465577,"orthographic":false}