{"cameraMode":{"drawMode":0,"name":"Shaded","section":"Shading Mode"},"sceneLighting":false,"audioPlay":false,"sceneViewState":{"m_AlwaysRefresh":false,"showFog":true,"showSkybox":false,"showFlares":true,"showImageEffects":true,"showParticleSystems":true,"showVisualEffectGraphs":true,"m_FxEnabled":true},"in2DMode":false,"pivot":{"x":-0.056582868099212649,"y":-0.041292786598205569,"z":-1.3311164379119874},"rotation":{"x":-0.40258291363716128,"y":-0.19265010952949525,"z":-0.08710287511348725,"w":0.890728771686554},"size":0.8660253882408142,"orthographic":false}