{"cameraMode":{"drawMode":0,"name":"Shaded","section":"Shading Mode"},"sceneLighting":false,"audioPlay":false,"sceneViewState":{"m_AlwaysRefresh":false,"showFog":true,"showSkybox":false,"showFlares":true,"showImageEffects":true,"showParticleSystems":true,"showVisualEffectGraphs":true,"m_FxEnabled":true},"in2DMode":false,"pivot":{"x":-0.00447845458984375,"y":1.5392284393310547,"z":-0.01204681396484375},"rotation":{"x":0.01095625665038824,"y":-0.8893648982048035,"z":0.021350987255573274,"w":0.4565851092338562},"size":4.95656681060791,"orthographic":false}