{"cameraMode":{"drawMode":0,"name":"Shaded","section":"Shading Mode"},"sceneLighting":false,"audioPlay":false,"sceneViewState":{"m_AlwaysRefresh":false,"showFog":true,"showSkybox":false,"showFlares":true,"showImageEffects":true,"showParticleSystems":true,"showVisualEffectGraphs":true,"m_FxEnabled":true},"in2DMode":false,"pivot":{"x":1.4778125286102296,"y":3.1308014392852785,"z":-0.0549769401550293},"rotation":{"x":0.033706843852996829,"y":0.9641096591949463,"z":-0.15015068650245667,"w":0.2163984626531601},"size":4.709339618682861,"orthographic":false}