{"cameraMode":{"drawMode":0,"name":"Shaded","section":"Shading Mode"},"sceneLighting":false,"audioPlay":false,"sceneViewState":{"m_AlwaysRefresh":false,"showFog":true,"showSkybox":false,"showFlares":true,"showImageEffects":true,"showParticleSystems":true,"showVisualEffectGraphs":true,"m_FxEnabled":true},"in2DMode":false,"pivot":{"x":19.500518798828126,"y":-0.5094579458236694,"z":-1.4887877702713013},"rotation":{"x":-0.2695923149585724,"y":-0.015886215493083,"z":-0.0044657327234745029,"w":0.9628668427467346},"size":3.3245322704315187,"orthographic":false}